{
    "": [
        "06:00",
        "06:01",
        "06:02",
        "06:03",
        "06:04",
        "06:05",
        "06:06",
        "06:07",
        "06:08",
        "06:09",
        "06:10",
        "06:11",
        "06:12",
        "06:13",
        "06:14",
        "06:15",
        "06:16",
        "06:17",
        "06:18",
        "06:19",
        "06:20",
        "06:21",
        "06:22",
        "06:23",
        "06:24",
        "06:25",
        "06:26",
        "06:27",
        "06:28",
        "06:29",
        "06:30",
        "06:31",
        "06:32",
        "06:33",
        "06:34",
        "06:35",
        "06:36",
        "06:37",
        "06:38",
        "06:39",
        "06:40",
        "06:41",
        "06:42",
        "06:43",
        "06:44",
        "06:45",
        "06:46",
        "06:47",
        "06:48",
        "06:49",
        "06:50",
        "06:51",
        "06:52",
        "06:53",
        "06:54",
        "06:55",
        "06:56",
        "06:57",
        "06:58",
        "06:59"
    ],
    "820 SB": [
        98.32446676,
        86.15584707,
        96.17902327,
        95.86576289,
        94.71433551,
        93.9071894,
        94.37111449,
        95.02839788,
        86.81131116,
        81.42629171,
        95.99959173,
        92.8597041,
        93.21512541,
        97.04596226,
        94.05252756,
        95.26954537,
        94.53695666,
        96.3247022,
        96.02270155,
        94.22699661,
        94.30841145,
        95.26041361,
        98.32620812,
        93.98810516,
        87.86419908,
        95.72154437,
        96.10057536,
        90.26238512,
        90.67336683,
        95.03562573,
        96.68987305,
        93.88263076,
        92.39316231,
        95.62897618,
        93.7433432,
        96.4512098,
        85.08652782,
        92.50696318,
        94.03907568,
        98.42242808,
        96.49820648,
        95.65987932,
        94.86047799,
        97.15754903,
        95.94182073,
        96.80197824,
        92.47451764,
        93.84459322,
        93.67055411,
        95.45770557,
        95.3873933,
        95.52990255,
        94.75706563,
        93.6418896,
        92.06019889,
        93.57268745,
        91.81463787,
        96.02243754,
        97.09035656,
        94.8765274
    ],
    "819 SB": [
        100.4154954,
        93.78448377,
        90.47923677,
        98.55024972,
        96.62247116,
        95.07538588,
        98.09971924,
        95.87553453,
        87.13257249,
        72.91624881,
        93.09804717,
        99.22122963,
        90.96581608,
        99.87942601,
        96.91380583,
        98.0207045,
        97.05448684,
        96.72276017,
        97.20777581,
        94.7219655,
        96.39884197,
        92.91251221,
        97.19257837,
        94.25379977,
        91.52058678,
        96.88630467,
        96.78256793,
        94.03964151,
        89.3387516,
        92.14528274,
        94.48187256,
        96.71435682,
        76.55871402,
        94.33212122,
        93.97017178,
        97.77411418,
        96.90434512,
        84.99722987,
        93.89514702,
        95.24772494,
        98.17921413,
        97.28388309,
        95.85267681,
        96.11226864,
        96.19704336,
        97.56116793,
        96.06485788,
        94.02369028,
        94.38276298,
        96.95028098,
        96.59855304,
        96.52533882,
        96.48735513,
        95.07104753,
        96.01098598,
        92.43068709,
        94.93033315,
        92.00687239,
        95.51356823,
        95.68745776
    ],
    "818 SB": [
        98.97857461,
        97.30281769,
        92.62764864,
        99.68815912,
        95.8850783,
        97.50605115,
        98.18154578,
        97.12279442,
        95.85297831,
        88.87850642,
        92.82820314,
        99.7177292,
        94.99418264,
        99.32915271,
        98.32622954,
        96.6387929,
        98.57533999,
        97.76424716,
        97.95215503,
        96.59577327,
        96.39636708,
        94.76622721,
        96.83425456,
        98.18187699,
        95.6621215,
        96.15792914,
        97.06708395,
        96.7385646,
        93.04372017,
        94.12094411,
        94.6719266,
        97.64741449,
        96.04639606,
        89.94541284,
        95.78828077,
        96.54195735,
        97.97961133,
        93.59097365,
        94.14375926,
        97.63565778,
        98.99877574,
        97.76662606,
        97.34037644,
        97.71164568,
        98.40791205,
        97.45368616,
        98.59992597,
        95.36753332,
        95.69702496,
        98.00120979,
        97.2254348,
        97.81095672,
        97.5575246,
        96.91940079,
        96.06810871,
        97.30458391,
        96.38683582,
        95.75667562,
        97.29095788,
        96.24800731
    ],
    "817 SB": [
        97.59727322,
        99.24454286,
        95.51025912,
        97.19638082,
        98.31478175,
        97.39979115,
        98.53797524,
        96.14734845,
        99.76311583,
        93.96379917,
        95.93598887,
        98.22568829,
        97.98661872,
        95.82153682,
        100.9357883,
        96.36509371,
        99.37091591,
        98.35402048,
        97.56561816,
        98.74196436,
        94.78594686,
        95.61143396,
        96.31957395,
        99.03573984,
        96.75793828,
        97.70877696,
        98.13521065,
        97.55658969,
        95.19469278,
        94.13914231,
        96.25088908,
        97.98912549,
        99.56321454,
        95.11220087,
        96.9062197,
        95.7348447,
        98.20330487,
        97.14714484,
        96.34184501,
        98.08424991,
        99.55504859,
        98.89304725,
        98.94317402,
        97.45800168,
        99.13383979,
        98.8927652,
        97.97183096,
        97.39998962,
        96.4409424,
        99.04166956,
        96.94552907,
        98.74812705,
        97.6121472,
        97.84847727,
        96.96013537,
        95.12548515,
        96.98248479,
        97.20806914,
        96.894155,
        97.92467253
    ],
    "816 SB": [
        99.52065777,
        100.4465219,
        96.33729667,
        95.33753983,
        99.17499147,
        96.93323172,
        98.25318901,
        97.45824175,
        96.42023539,
        97.33895931,
        98.09443147,
        98.66523164,
        99.32576847,
        97.95894007,
        100.6086474,
        96.88124824,
        98.52639391,
        98.53972259,
        97.60523027,
        99.31380877,
        95.18771251,
        98.68035686,
        97.32755466,
        99.2282712,
        98.5676618,
        96.28159214,
        100.0063274,
        97.84580273,
        95.77054359,
        96.02408608,
        97.55223543,
        96.99334888,
        98.70997081,
        100.2698913,
        96.68962568,
        97.09538788,
        95.91900673,
        99.26172667,
        94.73259832,
        96.49446965,
        99.01184204,
        100.0763809,
        99.92480803,
        97.67337261,
        99.02905011,
        98.42438531,
        98.56226278,
        98.60355048,
        96.97733979,
        95.80320863,
        95.76782756,
        95.62900864,
        94.99963972,
        95.23424162,
        96.32380936,
        92.63052494,
        88.28609959,
        88.97721337,
        86.47149662,
        91.98553109
    ],